time_days,event
2401.1666666666665,1
2454.2916666666665,1
2470.1666666666665,1
2387.8333333333335,1
1989.375,1
2470.1666666666665,1
2429.9583333333335,1
2133.7083333333335,1
1527.0833333333333,0
1423.8333333333333,0
1430.875,0
1425.7916666666667,0
1438.9583333333333,0
1229.5833333333333,0
637.3333333333334,0
964.2083333333334,0
683.4166666666666,0
836.2083333333334,0
810.5416666666666,0
704.5,0
838.4166666666666,0
556.625,0
885.3333333333334,0
479.5,0
532.0,0
839.125,0
573.5833333333334,0
665.125,0
573.4583333333334,0
879.125,0
654.25,0
532.375,0
664.4583333333334,0
425.1666666666667,0
161.20833333333334,0
664.2916666666666,0
966.2083333333334,0
965.8333333333334,0
879.0416666666666,0
829.375,0
647.1666666666666,0
318.1666666666667,0
704.375,0
668.375,0
573.2083333333334,0
532.25,0
458.4166666666667,0
559.375,0
746.4166666666666,0
647.4583333333334,0
747.125,0
571.5833333333334,0
567.5833333333334,0
579.4583333333334,0
2602.125,0
2602.2083333333335,0
2586.9583333333335,0
2602.2916666666665,0
2601.9583333333335,0
2602.2083333333335,0
2602.2083333333335,0
2602.2083333333335,0
2602.4583333333335,0
2586.7083333333335,0
2602.5833333333335,0
2602.4166666666665,0
2602.2083333333335,0
2602.7083333333335,0
2602.25,0
2602.625,0
2602.0,0
2602.2916666666665,0
2601.875,0
2602.4583333333335,0
2602.125,0
2602.75,0
2602.125,0
2602.0833333333335,0
2602.1666666666665,0
2602.125,0
2602.1666666666665,0
2586.9166666666665,0
2602.0833333333335,0
2602.2916666666665,0
2602.125,0
2602.0416666666665,0
2603.0833333333335,0
2602.1666666666665,0
2602.1666666666665,0
2602.5833333333335,0
2602.5416666666665,0
2602.125,0
2602.1666666666665,0
2602.7916666666665,0
2601.9166666666665,0
2602.2083333333335,0
2601.875,0
2602.2916666666665,0
2602.7083333333335,0
2602.5,0
2602.25,0
2602.9166666666665,0
2603.0416666666665,0
2602.5,0
2602.9583333333335,0
2602.0416666666665,0
2602.2083333333335,0
2602.25,0
2602.1666666666665,0
2602.625,0
2602.0833333333335,0
2602.25,0
2602.0,0
2602.2916666666665,0
2601.8333333333335,0
2602.2083333333335,0
2602.2083333333335,0
2602.3333333333335,0
2602.2083333333335,0
2602.0833333333335,0
2602.125,0
2601.875,0
1865.875,0
2602.2083333333335,0
2602.1666666666665,0
2601.8333333333335,0
2602.1666666666665,0
2602.375,0
2601.7916666666665,0
2602.2083333333335,0
2602.7916666666665,0
2602.125,0
2602.4583333333335,0
2602.4166666666665,0
2602.1666666666665,0
2602.125,0
2602.0833333333335,0
2602.375,0
2601.875,0
2602.5416666666665,0
2602.3333333333335,0
2602.625,0
2602.875,0
2602.7083333333335,0
2602.25,0
2602.25,0
2586.875,0
2601.875,0
2602.5416666666665,0
2602.125,0
2602.0416666666665,0
2602.1666666666665,0
2603.0833333333335,0
2602.25,0
2602.0,0
2586.875,0
2602.5833333333335,0
2601.9583333333335,0
2602.0,0
2602.3333333333335,0
2601.9583333333335,0
2602.0833333333335,0
2586.7083333333335,0
2602.0,0
2602.9166666666665,0
2602.2083333333335,0
2602.7083333333335,0
2602.0833333333335,0
2602.125,0
2602.2916666666665,0
2602.0833333333335,0
2602.125,0
2602.25,0
2602.25,0
2602.7916666666665,0
2602.3333333333335,0
2586.6666666666665,0
2602.4166666666665,0
2602.125,0
2601.9583333333335,0
2602.7083333333335,0
2603.0,0
2602.0833333333335,0
2602.1666666666665,0
2602.0833333333335,0
2602.0833333333335,0
2602.2916666666665,0
2602.2083333333335,0
2602.375,0
2602.4583333333335,0
2602.2916666666665,0
2602.1666666666665,0
2602.4583333333335,0
2601.9166666666665,0
2602.2083333333335,0
2602.6666666666665,0
2602.4166666666665,0
2602.9166666666665,0
2602.0833333333335,0
2602.5,0
2602.25,0
2602.2083333333335,0
2602.2916666666665,0
2602.125,0
2602.0416666666665,0
2602.125,0
2603.0416666666665,0
2602.375,0
2602.0416666666665,0
2602.5833333333335,0
2602.25,0
2603.125,0
2601.9166666666665,0
2602.0416666666665,0
2602.4583333333335,0
2602.125,0
2602.125,0
2602.5416666666665,0
2602.875,0
2602.25,0
2586.7083333333335,0
2602.3333333333335,0
2602.5416666666665,0
2602.1666666666665,0
2602.7083333333335,0
2601.9583333333335,0
2602.625,0
2602.3333333333335,0
2602.2083333333335,0
2602.0416666666665,0
2602.1666666666665,0
2602.2916666666665,0
2602.375,0
2602.4166666666665,0
2602.0416666666665,0
2602.7916666666665,0
2586.7916666666665,0
2586.6666666666665,0
2602.125,0
2602.875,0
2602.125,0
2602.0416666666665,0
2602.0,0
2602.25,0
2602.0833333333335,0
2601.8333333333335,0
2601.875,0
2602.6666666666665,0
2602.8333333333335,0
2602.25,0
2602.1666666666665,0
2601.9166666666665,0
2602.5,0
2602.1666666666665,0
2586.75,0
2602.625,0
2602.0,0
2601.8333333333335,0
2602.125,0
2602.4166666666665,0
2602.9583333333335,0
2602.125,0
2602.9166666666665,0
2602.2083333333335,0
2602.0833333333335,0
2602.4583333333335,0
2601.9166666666665,0
2602.5833333333335,0
2602.7083333333335,0
2601.875,0
2602.0416666666665,0
2602.8333333333335,0
2601.9166666666665,0
2586.7916666666665,0
2602.0833333333335,0
2602.875,0
2602.1666666666665,0
2602.1666666666665,0
2602.8333333333335,0
2602.5,0
2601.875,0
2601.9166666666665,0
2602.2916666666665,0
2602.3333333333335,0
2602.75,0
2602.0416666666665,0
2602.0416666666665,0
2602.0416666666665,0
2603.0416666666665,0
2602.6666666666665,0
2602.9166666666665,0
2602.8333333333335,0
2602.2083333333335,0
2602.1666666666665,0
2601.7916666666665,0
2602.75,0
2602.2916666666665,0
2602.125,0
2602.2916666666665,0
2602.125,0
2602.1666666666665,0
2602.0416666666665,0
2602.0416666666665,0
2602.2083333333335,0
2602.0,0
2602.375,0
2602.2916666666665,0
2602.9583333333335,0
2602.2916666666665,0
2602.125,0
2602.9583333333335,0
2602.8333333333335,0
2602.2083333333335,0
2601.875,0
2602.0833333333335,0
2602.25,0
2602.1666666666665,0
2602.25,0
2602.0833333333335,0
2602.2083333333335,0
2602.4583333333335,0
2602.25,0
2602.2916666666665,0
2602.2916666666665,0
2602.3333333333335,0
2602.1666666666665,0
2602.7916666666665,0
2602.5416666666665,0
2603.125,0
2602.875,0
2602.1666666666665,0
2603.0,0
2602.75,0
2603.125,0
2602.875,0
2602.0416666666665,0
2602.0416666666665,0
2602.375,0
2602.5416666666665,0
2602.0,0
2601.9583333333335,0
2602.375,0
2602.9166666666665,0
2602.1666666666665,0
2602.0833333333335,0
2602.3333333333335,0
2603.0,0
2602.25,0
2602.0416666666665,0
2602.0833333333335,0
2602.0416666666665,0
2602.75,0
2602.75,0
2601.9583333333335,0
2602.0,0
2602.5833333333335,0
2602.3333333333335,0
2602.2916666666665,0
2602.375,0
2601.9583333333335,0
2602.0,0
2601.9166666666665,0
2602.1666666666665,0
2601.875,0
2602.0,0
2602.4583333333335,0
2602.2916666666665,0
2602.875,0
2602.2083333333335,0
2602.375,0
2602.3333333333335,0
2602.4583333333335,0
2602.6666666666665,0
2601.9583333333335,0
2602.0416666666665,0
2602.3333333333335,0
2602.0416666666665,0
2601.9583333333335,0
2602.2083333333335,0
2602.1666666666665,0
2602.1666666666665,0
2602.1666666666665,0
2602.6666666666665,0
2602.125,0
2602.25,0
2602.4166666666665,0
2602.1666666666665,0
2601.9583333333335,0
2601.875,0
2602.5416666666665,0
2601.9166666666665,0
2602.125,0
2601.9583333333335,0
2602.0416666666665,0
2602.375,0
2602.1666666666665,0
2602.0,0
2602.9583333333335,0
2602.2083333333335,0
2601.7916666666665,0
2602.0833333333335,0
2601.9583333333335,0
2603.0416666666665,0
2602.0,0
2602.25,0
2602.0833333333335,0
2602.75,0
2602.375,0
2602.125,0
2603.0416666666665,0
2601.9583333333335,0
2602.625,0
2602.6666666666665,0
2602.625,0
2602.3333333333335,0
2602.5833333333335,0
2602.0416666666665,0
2601.9166666666665,0
2602.25,0
2601.875,0
2602.0833333333335,0
2602.1666666666665,0
2602.5416666666665,0
2602.4583333333335,0
2602.4166666666665,0
2602.625,0
2602.25,0
2602.2083333333335,0
2602.8333333333335,0
2602.2916666666665,0
2602.7916666666665,0
2601.9583333333335,0
2602.1666666666665,0
2601.875,0
2602.2083333333335,0
2602.0,0
2602.4166666666665,0
2602.9166666666665,0
2602.2916666666665,0
2602.375,0
2602.1666666666665,0
2602.5416666666665,0
2607.75,0
2602.0416666666665,0
2602.1666666666665,0
2602.0833333333335,0
2602.0,0
2602.4166666666665,0
2602.1666666666665,0
2602.2916666666665,0
2602.3333333333335,0
2602.25,0
2602.1666666666665,0
2603.0833333333335,0
2602.0833333333335,0
2586.875,0
2602.8333333333335,0
2601.9583333333335,0
2602.0833333333335,0
2602.2083333333335,0
2602.375,0
2602.4583333333335,0
2602.75,0
2602.3333333333335,0
2602.5,0
2602.4166666666665,0
2602.25,0
2602.125,0
2602.7083333333335,0
2602.4166666666665,0
2602.4166666666665,0
2602.375,0
2602.0,0
2586.9166666666665,0
2601.9583333333335,0
2586.7916666666665,0
2602.4166666666665,0
2602.625,0
2602.25,0
2602.625,0
2602.2916666666665,0
2602.4583333333335,0
2602.1666666666665,0
2602.0416666666665,0
2602.25,0
2602.0833333333335,0
2602.3333333333335,0
2601.9583333333335,0
2602.25,0
2602.0833333333335,0
2602.125,0
2586.7916666666665,0
2601.9166666666665,0
2602.2083333333335,0
2602.375,0
2602.3333333333335,0
2586.8333333333335,0
2586.8333333333335,0
2586.7916666666665,0
2602.125,0
2588.2083333333335,0
2602.625,0
2602.0833333333335,0
2586.75,0
2587.0,0
2602.375,0
2602.5416666666665,0
2602.0833333333335,0
2602.5,0
2602.5833333333335,0
2602.8333333333335,0
2602.2916666666665,0
2602.0,0
2601.9166666666665,0
2602.875,0
2602.125,0
2602.4166666666665,0
2601.875,0
2602.0,0
2602.0,0
2602.2083333333335,0
2602.3333333333335,0
2602.2916666666665,0
2602.0416666666665,0
2601.8333333333335,0
2602.2083333333335,0
2602.2083333333335,0
2602.4166666666665,0
2602.0,0
2602.1666666666665,0
2602.0416666666665,0
2601.9166666666665,0
2602.7083333333335,0
2602.375,0
2602.125,0
2602.2083333333335,0
2602.375,0
2602.2083333333335,0
2602.0833333333335,0
2602.125,0
2586.7083333333335,0
2602.2083333333335,0
2602.2083333333335,0
2602.4166666666665,0
2602.7083333333335,0
2602.3333333333335,0
2586.875,0
2602.0416666666665,0
2602.25,0
2602.375,0
2602.4583333333335,0
2602.25,0
2586.8333333333335,0
2602.0833333333335,0
2601.9166666666665,0
2602.25,0
2602.7083333333335,0
2475.9166666666665,0
2475.7916666666665,0
2475.8333333333335,0
2476.7083333333335,0
2475.5833333333335,0
2475.8333333333335,0
2475.9166666666665,0
2476.25,0
2475.75,0
2475.625,0
2474.9166666666665,0
2475.5,0
2476.9166666666665,0
2475.625,0
2475.75,0
2476.0416666666665,0
2474.9583333333335,0
2476.125,0
1838.2916666666667,0
2475.75,0
2475.875,0
2475.8333333333335,0
2475.75,0
2475.6666666666665,0
2475.75,0
2475.7916666666665,0
2475.7916666666665,0
2475.75,0
2475.8333333333335,0
2476.0,0
2475.8333333333335,0
2475.9166666666665,0
2475.9583333333335,0
2475.9166666666665,0
2475.3333333333335,0
2475.8333333333335,0
2475.5,0
2475.7916666666665,0
2475.8333333333335,0
2477.8333333333335,0
2475.5416666666665,0
2477.7916666666665,0
2475.875,0
2475.625,0
2475.7083333333335,0
2475.0416666666665,0
2475.875,0
2475.9583333333335,0
2475.7083333333335,0
2475.7916666666665,0
2475.9583333333335,0
2475.75,0
2475.4166666666665,0
2475.7916666666665,0
2475.7916666666665,0
2475.9166666666665,0
2475.5833333333335,0
2475.125,0
2475.75,0
2475.875,0
2475.7916666666665,0
2477.6666666666665,0
2477.5833333333335,0
2475.9166666666665,0
2475.7083333333335,0
2152.6666666666665,0
2475.7083333333335,0
2475.8333333333335,0
1776.25,0
1697.25,0
2475.4166666666665,0
2475.25,0
2476.2083333333335,0
2475.8333333333335,0
2475.9166666666665,0
2475.7916666666665,0
2475.7916666666665,0
2475.1666666666665,0
557.0833333333334,0
2532.6666666666665,0
2475.8333333333335,0
2475.5416666666665,0
2475.625,0
2475.5416666666665,0
2475.75,0
2475.7916666666665,0
2475.7916666666665,0
2475.875,0
2475.75,0
2475.5416666666665,0
2475.125,0
2475.75,0
2476.1666666666665,0
2476.0416666666665,0
2475.7083333333335,0
2475.875,0
2475.5833333333335,0
2475.4166666666665,0
2475.875,0
2475.7083333333335,0
2475.375,0
2475.625,0
2476.0833333333335,0
2475.6666666666665,0
2475.7083333333335,0
2475.7916666666665,0
2475.9166666666665,0
2475.875,0
2476.25,0
2475.7083333333335,0
2475.8333333333335,0
2475.7083333333335,0
2475.8333333333335,0
2475.8333333333335,0
2475.125,0
2475.9166666666665,0
2475.625,0
2475.7916666666665,0
2475.6666666666665,0
2475.9583333333335,0
2475.625,0
2475.5833333333335,0
2475.7083333333335,0
2475.75,0
2475.7083333333335,0
2475.7916666666665,0
2475.875,0
2476.0833333333335,0
2475.375,0
2475.7083333333335,0
2475.9166666666665,0
2475.7083333333335,0
2476.2083333333335,0
2476.125,0
2475.7916666666665,0
2475.7916666666665,0
2475.7916666666665,0
2475.7083333333335,0
2475.75,0
2475.8333333333335,0
2475.75,0
898.0416666666666,0
729.0,0
2475.5,0
2069.8333333333335,0
2475.5833333333335,0
2475.7916666666665,0
2476.0416666666665,0
2476.0833333333335,0
2475.9166666666665,0
2475.7083333333335,0
2476.125,0
2475.5416666666665,0
2476.2083333333335,0
2475.7916666666665,0
2475.7083333333335,0
2475.8333333333335,0
2475.6666666666665,0
2475.875,0
961.1666666666666,0
2475.5833333333335,0
2476.0416666666665,0
2475.9166666666665,0
2475.4583333333335,0
2475.2916666666665,0
2475.7083333333335,0
2475.625,0
2475.625,0
2476.0833333333335,0
2475.8333333333335,0
2476.2916666666665,0
2475.75,0
2475.625,0
2475.9166666666665,0
2475.7083333333335,0
2475.8333333333335,0
2476.0416666666665,0
2476.1666666666665,0
2475.6666666666665,0
2475.9166666666665,0
2475.9166666666665,0
2475.8333333333335,0
2475.5416666666665,0
2477.625,0
2475.9583333333335,0
1266.9583333333333,0
2475.4583333333335,0
2476.0416666666665,0
2476.125,0
2475.7916666666665,0
2475.625,0
2475.75,0
2475.125,0
2475.5416666666665,0
2475.875,0
2475.4583333333335,0
2475.9166666666665,0
2476.3333333333335,0
2475.7083333333335,0
2475.25,0
2475.625,0
2475.6666666666665,0
2475.7916666666665,0
2475.1666666666665,0
2476.125,0
2475.7083333333335,0
2475.75,0
2476.0833333333335,0
2475.7916666666665,0
2475.875,0
2475.6666666666665,0
2475.6666666666665,0
2475.6666666666665,0
2477.625,0
2475.5416666666665,0
2530.5,0
839.4583333333334,0
2475.625,0
2475.7083333333335,0
2475.5416666666665,0
2475.5833333333335,0
2475.7083333333335,0
2475.5416666666665,0
2475.7916666666665,0
2476.0833333333335,0
2474.9166666666665,0
2475.625,0
2475.7916666666665,0
282.8333333333333,0
2476.2916666666665,0
2475.7083333333335,0
2475.75,0
2475.75,0
2475.9166666666665,0
2475.5416666666665,0
2475.2083333333335,0
2475.8333333333335,0
2475.6666666666665,0
2475.2083333333335,0
2476.25,0
2475.5416666666665,0
2475.625,0
2475.8333333333335,0
2476.2083333333335,0
2475.7083333333335,0
2475.2083333333335,0
2476.25,0
2475.625,0
2475.875,0
2475.5416666666665,0
2476.1666666666665,0
2475.875,0
2476.1666666666665,0
2475.75,0
2475.6666666666665,0
2475.9583333333335,0
2477.8333333333335,0
2475.625,0
2475.0833333333335,0
2475.7083333333335,0
2475.875,0
2475.75,0
2475.7916666666665,0
2475.8333333333335,0
2475.8333333333335,0
2475.75,0
2475.75,0
2475.875,0
946.9166666666666,0
2475.9583333333335,0
2475.6666666666665,0
2475.5833333333335,0
2476.7916666666665,0
2475.7916666666665,0
2476.25,0
2475.875,0
2475.75,0
1876.2083333333333,0
2475.4583333333335,0
2474.9583333333335,0
2475.875,0
2475.7916666666665,0
2474.9583333333335,0
2476.3333333333335,0
1267.0,0
2475.7916666666665,0
2476.0,0
2475.9166666666665,0
2475.7083333333335,0
2476.7083333333335,0
2475.625,0
2475.6666666666665,0
774.2916666666666,0
2475.7083333333335,0
2475.75,0
2475.7916666666665,0
2475.5416666666665,0
2475.7916666666665,0
2475.5416666666665,0
2475.9166666666665,0
2475.7083333333335,0
2475.2916666666665,0
2475.7916666666665,0
2475.9166666666665,0
2475.6666666666665,0
2475.75,0
2475.7083333333335,0
2475.625,0
2475.9583333333335,0
2476.125,0
2475.4583333333335,0
2475.5416666666665,0
2475.6666666666665,0
2475.8333333333335,0
2475.9166666666665,0
2475.7916666666665,0
2475.7916666666665,0
2475.7916666666665,0
2475.7083333333335,0
2475.3333333333335,0
2476.1666666666665,0
2475.8333333333335,0
2475.9166666666665,0
2475.875,0
2475.75,0
2475.5416666666665,0
2475.75,0
2475.8333333333335,0
2475.5,0
2475.75,0
2475.9166666666665,0
2475.625,0
2475.0833333333335,0
2475.0416666666665,0
2475.8333333333335,0
2475.5,0
2475.7916666666665,0
2475.7916666666665,0
2475.0416666666665,0
1023.4583333333334,0
2474.9583333333335,0
2475.875,0
2475.6666666666665,0
2475.75,0
2475.9166666666665,0
2475.5416666666665,0
2475.7083333333335,0
2475.7916666666665,0
2475.7916666666665,0
2475.75,0
2475.75,0
2475.875,0
2475.8333333333335,0
2477.7916666666665,0
2475.8333333333335,0
2475.8333333333335,0
2475.7916666666665,0
2476.0,0
2476.0416666666665,0
2476.2083333333335,0
2475.7916666666665,0
2475.7083333333335,0
2475.875,0
2475.9166666666665,0
2474.9583333333335,0
2475.7083333333335,0
2001.4166666666667,0
2475.7083333333335,0
2475.5416666666665,0
2477.5833333333335,0
2475.7083333333335,0
2475.8333333333335,0
2475.8333333333335,0
2475.5833333333335,0
2476.0,0
2475.375,0
2475.7083333333335,0
2475.7083333333335,0
2475.7916666666665,0
2475.7916666666665,0
2475.5833333333335,0
2475.6666666666665,0
2475.7916666666665,0
2475.75,0
2475.6666666666665,0
2475.6666666666665,0
2475.6666666666665,0
2475.0,0
2475.9166666666665,0
2475.75,0
2477.8333333333335,0
2475.75,0
2475.6666666666665,0
2475.9583333333335,0
2475.625,0
2475.6666666666665,0
2475.625,0
2475.75,0
2069.75,0
2475.7916666666665,0
2475.4166666666665,0
2475.9583333333335,0
2475.6666666666665,0
2476.25,0
2476.2083333333335,0
2475.8333333333335,0
2475.9583333333335,0
2475.625,0
2475.5833333333335,0
2475.625,0
2475.7916666666665,0
2475.75,0
2475.7083333333335,0
2475.625,0
2475.9166666666665,0
2475.6666666666665,0
2475.5833333333335,0
2475.8333333333335,0
2387.5416666666665,0
2475.875,0
2475.8333333333335,0
2475.625,0
2475.7083333333335,0
2475.9166666666665,0
2476.0,0
2476.3333333333335,0
2475.625,0
2475.75,0
2476.125,0
2475.625,0
2475.4166666666665,0
2475.7083333333335,0
2476.25,0
2475.75,0
2475.8333333333335,0
2475.7916666666665,0
2475.75,0
2476.125,0
2475.7916666666665,0
2475.75,0
2475.6666666666665,0
2475.625,0
2475.6666666666665,0
2475.6666666666665,0
2475.9583333333335,0
2475.9583333333335,0
2475.75,0
2476.0833333333335,0
2476.25,0
2475.8333333333335,0
2475.75,0
2475.3333333333335,0
2475.5833333333335,0
2475.5833333333335,0
2475.75,0
2475.9583333333335,0
2475.7083333333335,0
2475.7083333333335,0
2476.2083333333335,0
2475.7916666666665,0
2475.7083333333335,0
2475.875,0
2475.0416666666665,0
2475.75,0
2475.875,0
2475.6666666666665,0
2475.75,0
2476.0416666666665,0
2475.875,0
2475.7916666666665,0
2475.8333333333335,0
2475.8333333333335,0
2476.0,0
2475.7916666666665,0
2475.9583333333335,0
2475.9583333333335,0
2475.625,0
2475.6666666666665,0
2475.875,0
2475.8333333333335,0
2476.0833333333335,0
2475.7083333333335,0
2475.7083333333335,0
2475.6666666666665,0
2475.75,0
2475.75,0
2476.0,0
2475.6666666666665,0
2475.8333333333335,0
2475.75,0
2476.0833333333335,0
2475.6666666666665,0
2475.2083333333335,0
2476.0416666666665,0
2475.6666666666665,0
2475.7083333333335,0
2476.0833333333335,0
2475.8333333333335,0
2475.1666666666665,0
2475.8333333333335,0
2475.875,0
2475.3333333333335,0
2475.7083333333335,0
2475.9583333333335,0
2475.7083333333335,0
2475.625,0
2475.5416666666665,0
2475.7916666666665,0
2475.625,0
2475.75,0
2475.7916666666665,0
2476.0,0
2475.625,0
2475.75,0
2475.7083333333335,0
2475.9166666666665,0
2475.6666666666665,0
2474.0416666666665,0
2476.0,0
2475.75,0
2475.7916666666665,0
2475.75,0
2475.4166666666665,0
2107.7083333333335,0
2475.75,0
2475.6666666666665,0
2475.6666666666665,0
2475.8333333333335,0
2475.75,0
2475.8333333333335,0
2475.9583333333335,0
2475.9583333333335,0
2475.625,0
2475.625,0
2475.9166666666665,0
2475.7916666666665,0
2475.4166666666665,0
2477.7083333333335,0
2475.7916666666665,0
2475.75,0
2475.6666666666665,0
2475.75,0
2476.0416666666665,0
2475.8333333333335,0
2475.9166666666665,0
2475.8333333333335,0
2475.7916666666665,0
2475.7083333333335,0
2475.9583333333335,0
2475.9583333333335,0
2475.9583333333335,0
2475.7916666666665,0
2475.6666666666665,0
2475.875,0
2475.8333333333335,0
2475.7916666666665,0
2475.875,0
2475.625,0
2475.375,0
2475.625,0
2475.625,0
2475.5416666666665,0
2475.5833333333335,0
2476.0,0
2475.7083333333335,0
2475.5833333333335,0
2476.7916666666665,0
2476.0416666666665,0
2475.75,0
2477.75,0
2475.7083333333335,0
2475.5,0
2475.7083333333335,0
2475.5833333333335,0
2475.7083333333335,0
2475.625,0
2475.5833333333335,0
2475.875,0
2475.625,0
2475.6666666666665,0
2475.7083333333335,0
2475.8333333333335,0
2477.6666666666665,0
2475.6666666666665,0
2475.5833333333335,0
2475.75,0
2475.625,0
2475.75,0
2475.375,0
2475.6666666666665,0
2475.6666666666665,0
2475.8333333333335,0
2476.125,0
2475.625,0
2475.75,0
2475.75,0
2476.2083333333335,0
2475.9583333333335,0
2476.0416666666665,0
2475.875,0
2475.9583333333335,0
2475.5416666666665,0
2476.2083333333335,0
2476.375,0
2475.9583333333335,0
1980.75,0
2476.8333333333335,0
2475.5416666666665,0
2475.75,0
2476.125,0
2475.875,0
2475.875,0
2475.7916666666665,0
2475.9166666666665,0
2475.7916666666665,0
2475.3333333333335,0
2475.5833333333335,0
2475.75,0
2476.2916666666665,0
2476.0,0
2476.3333333333335,0
2475.6666666666665,0
2475.9166666666665,0
2475.7916666666665,0
2475.9166666666665,0
2475.7916666666665,0
2475.7916666666665,0
2475.0,0
2475.5833333333335,0
2475.7083333333335,0
2475.75,0
2475.0,0
2475.75,0
2476.625,0
2475.8333333333335,0
2475.9583333333335,0
2476.625,0
2475.9166666666665,0
2475.625,0
2475.0833333333335,0
2475.75,0
2476.625,0
2475.6666666666665,0
2475.875,0
2475.9166666666665,0
2475.8333333333335,0
2475.6666666666665,0
2475.6666666666665,0
2476.375,0
2476.2916666666665,0
2475.8333333333335,0
2475.9166666666665,0
2476.3333333333335,0
2476.0,0
2475.75,0
2475.5833333333335,0
2475.7083333333335,0
2475.9583333333335,0
2475.8333333333335,0
2475.9583333333335,0
2476.0416666666665,0
2476.25,0
2476.0,0
2475.7916666666665,0
2475.6666666666665,0
2475.125,0
2475.8333333333335,0
2475.7916666666665,0
2475.7083333333335,0
2477.625,0
2475.9583333333335,0
2475.75,0
2475.5833333333335,0
2475.7083333333335,0
2477.7083333333335,0
2475.625,0
2475.7083333333335,0
2475.2083333333335,0
2475.7083333333335,0
2476.3333333333335,0
2476.1666666666665,0
2475.875,0
2475.625,0
2475.75,0
2475.7916666666665,0
2475.5833333333335,0
2476.1666666666665,0
2475.75,0
2475.5833333333335,0
2475.8333333333335,0
2475.625,0
2475.7083333333335,0
2475.5833333333335,0
2475.6666666666665,0
2475.875,0
2475.875,0
2475.9166666666665,0
2476.1666666666665,0
2475.9166666666665,0
2475.625,0
2475.7916666666665,0
2475.875,0
2475.75,0
2476.2083333333335,0
2477.75,0
2475.8333333333335,0
2475.5416666666665,0
2475.9583333333335,0
2475.1666666666665,0
2475.8333333333335,0
2476.0,0
2475.8333333333335,0
2476.125,0
2475.625,0
2357.75,0
2475.5833333333335,0
2475.4583333333335,0
2475.7916666666665,0
2475.5833333333335,0
2476.875,0
2476.0416666666665,0
2475.875,0
2476.4166666666665,0
2475.75,0
2475.9166666666665,0
2475.625,0
2475.5416666666665,0
2475.5833333333335,0
2475.25,0
2475.4583333333335,0
2475.8333333333335,0
2475.8333333333335,0
2475.75,0
2477.7083333333335,0
2475.75,0
2476.8333333333335,0
2475.6666666666665,0
2475.6666666666665,0
2477.875,0
2476.0,0
2475.4583333333335,0
2475.3333333333335,0
2475.8333333333335,0
2475.875,0
2475.75,0
2475.75,0
2475.7083333333335,0
2475.375,0
2475.1666666666665,0
2475.8333333333335,0
2475.625,0
2475.75,0
2477.7916666666665,0
2475.7083333333335,0
2475.7083333333335,0
2475.8333333333335,0
2475.2916666666665,0
2475.8333333333335,0
2475.7916666666665,0
2475.8333333333335,0
2475.875,0
2475.625,0
2475.6666666666665,0
2475.5,0
2475.7916666666665,0
2475.75,0
2475.7916666666665,0
2475.375,0
2475.5,0
2475.9166666666665,0
2475.7083333333335,0
2476.0833333333335,0
2475.875,0
2476.2916666666665,0
2475.8333333333335,0
2475.875,0
2475.375,0
2476.0416666666665,0
2475.7083333333335,0
2476.7083333333335,0
2476.0416666666665,0
2475.8333333333335,0
2475.75,0
2475.75,0
2475.5833333333335,0
2476.75,0
2475.5416666666665,0
2475.8333333333335,0
2475.375,0
2475.75,0
2475.3333333333335,0
2475.5416666666665,0
2475.7916666666665,0
2476.125,0
2475.7083333333335,0
2475.6666666666665,0
2475.4166666666665,0
2475.8333333333335,0
2475.9166666666665,0
2475.7916666666665,0
2475.875,0
2475.9166666666665,0
2475.875,0
2475.8333333333335,0
2475.7083333333335,0
2477.875,0
2475.5,0
2475.625,0
2475.875,0
2475.7083333333335,0
2475.9166666666665,0
2475.7916666666665,0
2475.375,0
2475.5,0
2477.5833333333335,0
2475.7083333333335,0
2475.625,0
2475.5833333333335,0
2476.0416666666665,0
2475.875,0
2476.1666666666665,0
2476.875,0
2475.9583333333335,0
2475.75,0
2475.4583333333335,0
2476.2083333333335,0
2475.7083333333335,0
2475.6666666666665,0
2475.7083333333335,0
2475.7916666666665,0
2475.625,0
2475.2916666666665,0
2475.7083333333335,0
2475.75,0
2475.625,0
2475.7916666666665,0
2475.9166666666665,0
2475.75,0
2475.6666666666665,0
2475.5833333333335,0
2475.4166666666665,0
2475.5833333333335,0
2475.6666666666665,0
2475.7083333333335,0
2475.4583333333335,0
2475.7916666666665,0
2475.5416666666665,0
2475.8333333333335,0
2476.0,0
2475.8333333333335,0
2475.1666666666665,0
2475.8333333333335,0
2475.75,0
2475.75,0
2475.9583333333335,0
2475.5833333333335,0
2475.5833333333335,0
2475.9166666666665,0
2476.875,0
2475.8333333333335,0
2477.6666666666665,0
2475.75,0
2476.0416666666665,0
2475.9166666666665,0
2475.625,0
2475.9166666666665,0
2475.8333333333335,0
2475.8333333333335,0
2476.125,0
2476.0416666666665,0
2475.375,0
2475.875,0
2475.7916666666665,0
2475.5416666666665,0
2475.6666666666665,0
2476.7083333333335,0
2475.7916666666665,0
2475.5833333333335,0
2475.9166666666665,0
2475.6666666666665,0
2475.4166666666665,0
2475.9583333333335,0
2475.8333333333335,0
2475.7916666666665,0
2475.7083333333335,0
2475.7083333333335,0
2475.75,0
2475.7083333333335,0
2475.6666666666665,0
2475.7916666666665,0
2475.75,0
2475.625,0
2475.7083333333335,0
2475.9166666666665,0
2475.9166666666665,0
2475.7083333333335,0
2476.75,0
2475.6666666666665,0
2475.7083333333335,0
2475.8333333333335,0
2475.6666666666665,0
2475.7916666666665,0
2475.9166666666665,0
2475.6666666666665,0
2475.7083333333335,0
2475.7916666666665,0
2475.8333333333335,0
2476.7083333333335,0
2476.0,0
2475.6666666666665,0
2475.625,0
2475.7916666666665,0
2475.7916666666665,0
2475.8333333333335,0
2475.7916666666665,0
2475.75,0
2475.5833333333335,0
2475.7083333333335,0
2476.0,0
2475.5833333333335,0
2475.9583333333335,0
2475.7916666666665,0
2475.875,0
2475.7916666666665,0
2475.875,0
2475.7916666666665,0
2475.2916666666665,0
2475.5833333333335,0
2475.6666666666665,0
2475.6666666666665,0
2476.0,0
2475.7083333333335,0
2475.7083333333335,0
2475.7916666666665,0
2475.625,0
2475.7916666666665,0
2475.7083333333335,0
2475.75,0
2476.875,0
2475.7083333333335,0
2475.8333333333335,0
2475.75,0
2475.7916666666665,0
2475.9583333333335,0
2475.7083333333335,0
2475.875,0
2475.7916666666665,0
2475.75,0
2475.5416666666665,0
2476.0416666666665,0
2475.875,0
2475.4166666666665,0
2475.7916666666665,0
2475.5,0
2475.5833333333335,0
2477.75,0
2475.875,0
2475.75,0
2475.7916666666665,0
2475.875,0
2475.9583333333335,0
2475.5,0
2475.7916666666665,0
2475.8333333333335,0
2476.0416666666665,0
2475.5833333333335,0
2476.6666666666665,0
2475.8333333333335,0
1175.375,0
2475.7916666666665,0
2475.5833333333335,0
2476.1666666666665,0
2476.0416666666665,0
2475.5833333333335,0
2475.6666666666665,0
2475.8333333333335,0
2475.7916666666665,0
2169.375,0
2475.9583333333335,0
2117.5,0
168.91666666666666,0
2476.1666666666665,0
2475.625,0
2475.625,0
2475.5416666666665,0
2476.0,0
1484.8333333333333,0
2475.5416666666665,0
2475.875,0
2475.875,0
2475.75,0
2477.75,0
2475.7916666666665,0
2476.6666666666665,0
1724.5833333333333,0
2475.125,0
2476.75,0
2476.1666666666665,0
2475.625,0
2475.875,0
2475.5,0
2474.875,0
2475.7916666666665,0
2152.0833333333335,0
2152.0833333333335,0
2162.25,0
2152.2916666666665,0
2169.2083333333335,0
2168.9583333333335,0
2152.0416666666665,0
2151.9583333333335,0
2169.125,0
2152.1666666666665,0
2152.2916666666665,0
2152.2083333333335,0
2169.7916666666665,0
2152.1666666666665,0
2152.5833333333335,0
2169.1666666666665,0
2152.3333333333335,0
2169.0416666666665,0
2152.1666666666665,0
2169.7916666666665,0
2169.125,0
2169.625,0
2169.75,0
2169.1666666666665,0
2169.8333333333335,0
2169.125,0
2169.75,0
2152.25,0
2169.2916666666665,0
2152.2916666666665,0
2152.2916666666665,0
2169.0,0
2152.25,0
2169.75,0
2151.9583333333335,0
2169.1666666666665,0
2152.0,0
2169.0416666666665,0
2169.8333333333335,0
2152.8333333333335,0
2152.375,0
2169.8333333333335,0
2152.125,0
2169.9166666666665,0
2169.25,0
2152.375,0
2152.2916666666665,0
2169.7083333333335,0
2152.75,0
2152.0833333333335,0
2169.875,0
2152.3333333333335,0
2169.2083333333335,0
2169.8333333333335,0
2152.375,0
2152.125,0
2152.2083333333335,0
2152.5,0
2169.25,0
2152.4166666666665,0
2169.5833333333335,0
2169.7083333333335,0
2169.0416666666665,0
2152.125,0
2169.4583333333335,0
2152.0,0
2169.25,0
2152.2916666666665,0
2169.0416666666665,0
2151.9583333333335,0
2151.9166666666665,0
2169.25,0
2169.1666666666665,0
2169.5,0
2152.2083333333335,0
2151.9166666666665,0
2152.0416666666665,0
2152.3333333333335,0
2169.0,0
2152.0,0
2152.375,0
2152.3333333333335,0
2152.0416666666665,0
2152.0416666666665,0
2169.875,0
2152.375,0
2169.125,0
2169.2083333333335,0
2169.1666666666665,0
2168.9166666666665,0
2152.1666666666665,0
2152.2083333333335,0
2169.2916666666665,0
2169.7916666666665,0
2152.0416666666665,0
2152.125,0
2169.2083333333335,0
2168.9583333333335,0
2152.2083333333335,0
2162.2916666666665,0
2152.25,0
2169.5,0
2152.25,0
2152.6666666666665,0
2169.5,0
2152.0416666666665,0
2152.0,0
2169.6666666666665,0
2151.875,0
2169.25,0
2169.0416666666665,0
2152.1666666666665,0
2170.0,0
2152.375,0
2162.4583333333335,0
2169.0833333333335,0
2152.4166666666665,0
2169.0416666666665,0
2169.625,0
2162.4166666666665,0
112.54166666666667,0
2152.0833333333335,0
2152.375,0
2169.125,0
2169.0,0
2169.7916666666665,0
2152.0416666666665,0
2169.0416666666665,0
2169.625,0
2155.5833333333335,0
2169.2916666666665,0
2169.7083333333335,0
2169.75,0
2169.25,0
2169.125,0
2169.0833333333335,0
2170.0833333333335,0
2152.125,0
2151.9166666666665,0
2169.1666666666665,0
2169.125,0
2152.125,0
2169.2916666666665,0
2169.9583333333335,0
2152.5,0
2152.2083333333335,0
2155.3333333333335,0
2151.9166666666665,0
2152.375,0
2169.125,0
2152.125,0
2151.9166666666665,0
2152.0833333333335,0
2151.9583333333335,0
2152.2916666666665,0
2169.1666666666665,0
2152.2083333333335,0
2168.9166666666665,0
2151.9583333333335,0
2152.3333333333335,0
2152.2083333333335,0
2169.0,0
2169.1666666666665,0
2169.7083333333335,0
2169.6666666666665,0
2170.0416666666665,0
2169.9583333333335,0
2169.125,0
2152.4166666666665,0
2152.5416666666665,0
2152.3333333333335,0
2169.4583333333335,0
2152.125,0
2152.5833333333335,0
2152.0,0
2169.2083333333335,0
2168.9583333333335,0
2155.5,0
2152.75,0
2175.0833333333335,0
2152.7916666666665,0
2152.2916666666665,0
2152.7916666666665,0
2170.1666666666665,0
2152.4583333333335,0
2169.25,0
2169.875,0
2151.9166666666665,0
2152.125,0
2152.25,0
2169.1666666666665,0
2169.2916666666665,0
2151.9583333333335,0
2169.2916666666665,0
2152.1666666666665,0
2152.3333333333335,0
2152.2916666666665,0
2152.4166666666665,0
2169.5416666666665,0
2152.125,0
2169.75,0
2169.7083333333335,0
2155.5416666666665,0
2155.5,0
2155.5833333333335,0
2152.3333333333335,0
2152.1666666666665,0
2151.9583333333335,0
2169.5,0
2152.375,0
2152.5,0
396.75,0
2151.9583333333335,0
2169.7916666666665,0
2169.0833333333335,0
2152.0833333333335,0
2152.2083333333335,0
2169.1666666666665,0
2152.25,0
2152.4166666666665,0
2152.0833333333335,0
2152.1666666666665,0
2152.125,0
2152.0833333333335,0
2151.9583333333335,0
2152.0833333333335,0
2152.4583333333335,0
2152.125,0
2152.0,0
2152.375,0
2162.4166666666665,0
2169.2916666666665,0
2152.1666666666665,0
2151.9166666666665,0
2169.0,0
2152.7916666666665,0
2169.75,0
2152.2083333333335,0
2152.25,0
2152.2083333333335,0
2169.9166666666665,0
2169.0833333333335,0
2169.4166666666665,0
2152.0833333333335,0
2152.125,0
2152.0416666666665,0
2152.1666666666665,0
2169.5416666666665,0
2152.375,0
2152.1666666666665,0
2152.125,0
2152.0416666666665,0
2152.375,0
2155.2916666666665,0
2152.4166666666665,0
2152.1666666666665,0
2152.125,0
2152.1666666666665,0
2152.0,0
2170.1666666666665,0
2169.4583333333335,0
2169.6666666666665,0
2152.2916666666665,0
2152.1666666666665,0
2151.9583333333335,0
2169.6666666666665,0
2152.25,0
2152.0416666666665,0
2152.25,0
2151.9166666666665,0
2152.375,0
2152.2083333333335,0
2169.6666666666665,0
2155.5416666666665,0
2152.0833333333335,0
2152.2083333333335,0
2152.25,0
2169.25,0
2169.25,0
2152.25,0
2152.5,0
2152.5,0
2152.375,0
2169.25,0
2152.875,0
2152.0,0
2169.2083333333335,0
2169.25,0
2152.25,0
2152.4166666666665,0
2169.0833333333335,0
2169.25,0
2152.7083333333335,0
2169.8333333333335,0
2169.1666666666665,0
2152.4166666666665,0
2169.8333333333335,0
2169.5833333333335,0
2152.0833333333335,0
2152.125,0
2152.1666666666665,0
2151.9583333333335,0
2152.125,0
2152.4583333333335,0
2168.9583333333335,0
2152.5416666666665,0
2152.7083333333335,0
2170.125,0
2169.0416666666665,0
2169.7916666666665,0
2152.25,0
2152.3333333333335,0
2175.0,0
2169.8333333333335,0
2152.2916666666665,0
2152.2083333333335,0
2152.375,0
2152.8333333333335,0
2152.4583333333335,0
2152.4166666666665,0
2169.2083333333335,0
2170.0833333333335,0
2170.0,0
2162.25,0
2151.9166666666665,0
2152.25,0
2152.3333333333335,0
2152.0,0
2152.0833333333335,0
2152.2083333333335,0
2152.375,0
2162.2083333333335,0
2152.8333333333335,0
2151.9583333333335,0
2170.0,0
2152.3333333333335,0
2170.0416666666665,0
2152.3333333333335,0
2151.125,0
2152.25,0
2169.0833333333335,0
2175.2083333333335,0
2152.2083333333335,0
2152.1666666666665,0
2155.5,0
2152.125,0
2152.0,0
2152.0,0
2152.2916666666665,0
2152.125,0
2152.3333333333335,0
2162.3333333333335,0
2152.375,0
2174.9583333333335,0
2152.375,0
2152.125,0
2169.2083333333335,0
2162.2916666666665,0
2152.375,0
2152.4583333333335,0
2152.2083333333335,0
2151.9166666666665,0
2152.2083333333335,0
2169.5,0
2152.25,0
2152.0833333333335,0
2170.0833333333335,0
2152.5,0
2151.9166666666665,0
2169.9166666666665,0
2151.875,0
2151.9583333333335,0
2152.0416666666665,0
2152.1666666666665,0
2152.0,0
2152.4166666666665,0
2152.2083333333335,0
2152.7916666666665,0
2152.1666666666665,0
2152.3333333333335,0
2169.5,0
2152.375,0
2152.2916666666665,0
2151.9583333333335,0
2152.375,0
2169.0416666666665,0
2169.0,0
2152.375,0
2169.6666666666665,0
2152.2916666666665,0
2152.125,0
2169.0416666666665,0
2152.25,0
2169.125,0
2162.375,0
2152.7916666666665,0
2151.9166666666665,0
2174.9166666666665,0
2169.4166666666665,0
2152.375,0
2169.9166666666665,0
2151.9583333333335,0
2169.0833333333335,0
2152.3333333333335,0
2152.0416666666665,0
2169.2083333333335,0
2169.4583333333335,0
2162.4166666666665,0
2152.5833333333335,0
2169.0833333333335,0
2152.2916666666665,0
2152.0416666666665,0
2169.75,0
2152.0,0
2170.0,0
2169.6666666666665,0
2169.75,0
2152.4166666666665,0
2152.3333333333335,0
2169.75,0
2152.4583333333335,0
2152.1666666666665,0
2169.7916666666665,0
2152.3333333333335,0
2152.0833333333335,0
2152.9166666666665,0
2169.5,0
2152.0,0
2169.0,0
2168.9583333333335,0
2152.1666666666665,0
2152.1666666666665,0
2152.375,0
2152.375,0
2152.25,0
2152.0416666666665,0
2169.7916666666665,0
2169.7916666666665,0
2152.0833333333335,0
2169.0416666666665,0
2152.1666666666665,0
2152.8333333333335,0
2152.0833333333335,0
2170.1666666666665,0
2151.9583333333335,0
2169.875,0
2170.0,0
2152.4166666666665,0
2152.125,0
2169.5416666666665,0
2152.3333333333335,0
2169.9583333333335,0
2152.0833333333335,0
2169.0416666666665,0
2152.125,0
2169.0833333333335,0
2169.6666666666665,0
2152.125,0
2152.3333333333335,0
2152.125,0
2152.0416666666665,0
2152.125,0
2152.6666666666665,0
2152.2916666666665,0
2152.2083333333335,0
2152.2083333333335,0
2152.2083333333335,0
2169.2083333333335,0
2162.1666666666665,0
2169.25,0
2169.25,0
2152.0416666666665,0
2152.25,0
2155.5416666666665,0
2169.1666666666665,0
2152.25,0
2152.4166666666665,0
2169.0,0
2169.5416666666665,0
2169.0416666666665,0
2152.4583333333335,0
2152.0,0
2152.2083333333335,0
2169.8333333333335,0
2151.9166666666665,0
2152.125,0
2152.25,0
2151.9166666666665,0
2151.875,0
2152.1666666666665,0
2152.2916666666665,0
2155.4583333333335,0
2152.25,0
2152.0,0
2152.6666666666665,0
2152.25,0
2152.3333333333335,0
2151.9166666666665,0
2152.125,0
2152.375,0
2169.0416666666665,0
2169.1666666666665,0
2162.375,0
2152.0416666666665,0
2152.1666666666665,0
2152.4166666666665,0
2152.4583333333335,0
2169.5416666666665,0
2169.0,0
2152.0,0
2168.9583333333335,0
2169.7083333333335,0
2152.0,0
2152.2916666666665,0
2152.3333333333335,0
2152.0416666666665,0
2169.125,0
2152.1666666666665,0
2152.25,0
2151.9583333333335,0
2152.0,0
2152.5416666666665,0
2152.3333333333335,0
2169.6666666666665,0
2152.375,0
2151.9583333333335,0
2162.4166666666665,0
2170.0,0
2169.375,0
2152.2916666666665,0
2152.25,0
2169.0833333333335,0
2169.1666666666665,0
2152.125,0
2152.1666666666665,0
552.0416666666666,0
2162.4583333333335,0
2152.0833333333335,0
2169.25,0
2169.3333333333335,0
2151.9583333333335,0
2155.4583333333335,0
2170.1666666666665,0
2169.4166666666665,0
2169.7083333333335,0
2169.5416666666665,0
2169.0833333333335,0
2152.2083333333335,0
2152.1666666666665,0
2169.7083333333335,0
2169.25,0
2152.125,0
2162.3333333333335,0
2152.0833333333335,0
2601.9583333333335,0
2602.25,0
2151.875,0
2155.375,0
2169.0,0
2151.9166666666665,0
2169.0,0
2169.3333333333335,0
2151.9583333333335,0
2169.7083333333335,0
2169.625,0
2152.25,0
2152.3333333333335,0
2155.375,0
2169.5416666666665,0
2152.4166666666665,0
2151.8333333333335,0
2170.0833333333335,0
2169.625,0
2168.9583333333335,0
2151.9166666666665,0
2152.125,0
2152.2916666666665,0
2152.1666666666665,0
2162.375,0
2169.2916666666665,0
2169.625,0
2169.6666666666665,0
2169.9583333333335,0
2152.3333333333335,0
2169.9166666666665,0
2169.9166666666665,0
2152.5,0
2151.875,0
2169.0,0
2169.375,0
2152.0833333333335,0
2169.75,0
2169.3333333333335,0
2169.0833333333335,0
2152.2916666666665,0
2152.3333333333335,0
2168.9166666666665,0
2169.2083333333335,0
2170.0416666666665,0
2169.875,0
2169.2083333333335,0
2169.4166666666665,0
2152.2916666666665,0
2169.4166666666665,0
2169.7916666666665,0
2169.2916666666665,0
2152.3333333333335,0
2152.0833333333335,0
2169.375,0
2169.1666666666665,0
2152.2916666666665,0
2169.9166666666665,0
2169.3333333333335,0
2175.0,0
2169.6666666666665,0
2169.0833333333335,0
2152.2916666666665,0
2169.5416666666665,0
2169.2916666666665,0
2169.0416666666665,0
2169.5416666666665,0
2169.4583333333335,0
2169.4166666666665,0
2169.4166666666665,0
2152.0833333333335,0
2169.5,0
2158.125,0
2169.1666666666665,0
2169.2083333333335,0
2169.1666666666665,0
2169.875,0
2152.875,0
2152.4166666666665,0
2155.4166666666665,0
2152.0416666666665,0
2169.9583333333335,0
2175.0833333333335,0
2152.0,0
2152.2916666666665,0
2169.5416666666665,0
2152.375,0
2169.5833333333335,0
2169.75,0
2169.5416666666665,0
2169.7083333333335,0
2151.9583333333335,0
2169.0,0
2152.0833333333335,0
2169.5,0
2169.1666666666665,0
2169.0416666666665,0
2169.0833333333335,0
2169.0416666666665,0
2169.125,0
2169.125,0
2169.0833333333335,0
2152.0416666666665,0
2169.125,0
2152.125,0
2152.2916666666665,0
2169.0833333333335,0
2169.7916666666665,0
2170.1666666666665,0
2173.7916666666665,0
2152.2083333333335,0
2151.9583333333335,0
2152.1666666666665,0
2169.2916666666665,0
2169.0833333333335,0
2158.125,0
2152.0,0
2162.3333333333335,0
2152.125,0
2169.9166666666665,0
2169.2916666666665,0
2152.2916666666665,0
2169.7083333333335,0
2169.375,0
2152.25,0
2155.4166666666665,0
2169.7083333333335,0
2170.0833333333335,0
2169.7083333333335,0
2152.1666666666665,0
2152.125,0
2168.9583333333335,0
2152.125,0
2151.9583333333335,0
2169.1666666666665,0
2169.7083333333335,0
2152.25,0
2168.9166666666665,0
2152.375,0
2169.375,0
2169.125,0
2169.5,0
2169.5,0
2151.875,0
2169.4166666666665,0
2169.125,0
2169.7916666666665,0
2152.1666666666665,0
2169.1666666666665,0
2152.25,0
2151.8333333333335,0
2152.1666666666665,0
2152.375,0
2175.125,0
2169.0,0
2152.7083333333335,0
2152.1666666666665,0
2152.3333333333335,0
2169.0833333333335,0
2169.625,0
2152.875,0
2169.4583333333335,0
2169.4583333333335,0
2169.0,0
2169.25,0
2169.625,0
2151.875,0
2169.25,0
2152.3333333333335,0
2152.125,0
2169.7083333333335,0
2169.625,0
2170.0,0
2169.2083333333335,0
2169.8333333333335,0
2155.3333333333335,0
2152.125,0
2169.5833333333335,0
2152.0,0
2169.3333333333335,0
2152.5416666666665,0
2169.5416666666665,0
2170.0416666666665,0
2155.3333333333335,0
2152.0833333333335,0
2169.2916666666665,0
2152.1666666666665,0
2152.3333333333335,0
2170.0416666666665,0
2169.7916666666665,0
2169.75,0
2169.75,0
2152.4583333333335,0
2169.625,0
2152.375,0
2152.375,0
2175.1666666666665,0
2151.9166666666665,0
2169.7083333333335,0
2152.4166666666665,0
2152.0,0
2152.1666666666665,0
2152.0416666666665,0
2152.1666666666665,0
2169.25,0
2152.375,0
2151.8333333333335,0
2152.1666666666665,0
2151.9166666666665,0
2152.1666666666665,0
2169.7083333333335,0
2152.1666666666665,0
2152.4166666666665,0
2152.2083333333335,0
2169.7083333333335,0
2152.125,0
2169.5833333333335,0
2152.1666666666665,0
2152.1666666666665,0
2152.3333333333335,0
2152.0833333333335,0
2152.125,0
2152.4583333333335,0
2169.7083333333335,0
2152.3333333333335,0
2169.5833333333335,0
2152.0833333333335,0
2169.7916666666665,0
2168.9583333333335,0
2152.625,0
2152.2916666666665,0
2170.0416666666665,0
2152.3333333333335,0
2169.5833333333335,0
2169.625,0
2169.6666666666665,0
2169.6666666666665,0
2152.5833333333335,0
2169.5833333333335,0
2169.9583333333335,0
2169.5833333333335,0
2169.4583333333335,0
2169.2916666666665,0
2175.125,0
2169.25,0
2152.125,0
2152.2916666666665,0
2169.5416666666665,0
2169.7916666666665,0
2169.6666666666665,0
2152.0833333333335,0
2152.3333333333335,0
2169.4166666666665,0
2170.0,0
2152.3333333333335,0
2169.75,0
2169.7916666666665,0
2169.2916666666665,0
2169.625,0
2169.8333333333335,0
2152.625,0
2152.2083333333335,0
2152.125,0
2152.375,0
2151.9166666666665,0
2169.8333333333335,0
2152.5416666666665,0
2152.25,0
2152.0,0
2152.5,0
2169.5416666666665,0
2169.3333333333335,0
2175.0833333333335,0
2169.125,0
2152.9166666666665,0
2152.25,0
2152.0416666666665,0
2152.0,0
2162.375,0
2162.25,0
2152.25,0
2152.2083333333335,0
2151.9166666666665,0
2155.4166666666665,0
2152.2083333333335,0
2169.9583333333335,0
2169.625,0
2152.0833333333335,0
2168.9166666666665,0
2151.9583333333335,0
513.125,0
2152.0416666666665,0
2152.875,0
2152.25,0
2155.4166666666665,0
2175.1666666666665,0
2175.0416666666665,0
2169.5416666666665,0
2169.9166666666665,0
2169.5,0
2152.4166666666665,0
2169.4583333333335,0
2169.4583333333335,0
2169.9583333333335,0
2169.0,0
2152.2083333333335,0
2169.125,0
2162.25,0
2152.0416666666665,0
2155.3333333333335,0
2155.2916666666665,0
2169.75,0
2174.9166666666665,0
2169.0416666666665,0
2175.125,0
2169.0416666666665,0
2169.125,0
2169.1666666666665,0
2174.9166666666665,0
2169.0,0
2152.2916666666665,0
2175.0416666666665,0
2169.5,0
2155.4166666666665,0
2169.4166666666665,0
2169.125,0
2151.9583333333335,0
2169.125,0
2152.25,0
2169.875,0
2152.2083333333335,0
2162.3333333333335,0
2152.125,0
2155.4166666666665,0
2169.0416666666665,0
2169.8333333333335,0
2169.7916666666665,0
2152.25,0
2152.2083333333335,0
2169.5416666666665,0
2168.9166666666665,0
2174.9583333333335,0
2169.0833333333335,0
2152.3333333333335,0
2169.0833333333335,0
2169.5416666666665,0
2169.5833333333335,0
2169.2916666666665,0
2152.2083333333335,0
2169.5416666666665,0
2152.1666666666665,0
2152.0416666666665,0
2168.9166666666665,0
2169.4166666666665,0
2169.7916666666665,0
2169.2916666666665,0
2162.2916666666665,0
2169.125,0
2169.0,0
2152.25,0
2168.9583333333335,0
2169.0,0
2152.2916666666665,0
2169.0416666666665,0
2155.375,0
2169.4583333333335,0
2152.6666666666665,0
2162.2083333333335,0
2169.125,0
2168.9583333333335,0
2152.0416666666665,0
2152.0,0
2169.125,0
2169.2083333333335,0
2169.2916666666665,0
2169.6666666666665,0
2169.6666666666665,0
2169.1666666666665,0
2169.2083333333335,0
2169.75,0
2169.0833333333335,0
2175.0,0
2169.125,0
2152.0833333333335,0
2152.375,0
2169.125,0
2169.625,0
2169.2916666666665,0
2169.9166666666665,0
2169.375,0
2168.9583333333335,0
2169.125,0
2169.1666666666665,0
2169.3333333333335,0
2169.625,0
2169.125,0
2169.4166666666665,0
2169.0833333333335,0
2169.0416666666665,0
2169.75,0
2169.0416666666665,0
2169.0416666666665,0
2169.1666666666665,0
2169.7083333333335,0
2169.0833333333335,0
2169.3333333333335,0
2175.1666666666665,0
2168.9583333333335,0
2169.125,0
2170.0416666666665,0
2169.8333333333335,0
2152.375,0
2152.0833333333335,0
2152.2083333333335,0
2152.25,0
2169.375,0
2170.0416666666665,0
2169.1666666666665,0
2151.9166666666665,0
2152.125,0
2169.75,0
2152.3333333333335,0
2170.125,0
2169.5833333333335,0
2152.0416666666665,0
2152.0416666666665,0
2151.9583333333335,0
2152.0416666666665,0
2169.375,0
2152.125,0
2169.0833333333335,0
2169.9166666666665,0
2169.375,0
2169.625,0
539.7083333333334,0
2169.0,0
2169.625,0
2169.5,0
2169.4583333333335,0
2169.6666666666665,0
2152.875,0
2169.7083333333335,0
2152.7083333333335,0
2169.2916666666665,0
2169.3333333333335,0
2169.4583333333335,0
2169.3333333333335,0
2169.375,0
2169.4166666666665,0
2169.8333333333335,0
2169.25,0
2152.0833333333335,0
2169.4166666666665,0
2169.3333333333335,0
2171.3333333333335,0
2169.375,0
2169.4583333333335,0
2171.25,0
2152.5,0
2169.25,0
2174.0833333333335,0
2169.2916666666665,0
2169.4166666666665,0
2152.25,0
2169.3333333333335,0
2169.4166666666665,0
2169.1666666666665,0
2169.3333333333335,0
2152.5416666666665,0
2170.5833333333335,0
2169.375,0
2169.375,0
2169.375,0
2169.4583333333335,0
1307.125,0
889.25,0
1089.1666666666667,0
1260.0,0
1151.1666666666667,0
1343.0416666666667,0
888.375,0
1853.6666666666667,0
1846.6666666666667,0
1089.1666666666667,0
889.2083333333334,0
894.3333333333334,0
886.5,0
1853.625,0
927.0833333333334,0
1123.4166666666667,0
949.0833333333334,0
1088.1666666666667,0
1825.6666666666667,0
1846.6666666666667,0
